timestamp,query,matched_faq,score
2026-04-04T14:01:30.710971,What are the college timings?,What are the college timings and working hours?,0.7113
2026-04-04T14:01:30.759492,Tell me about hostel facilities,Does the college provide hostel accommodation?,0.5350
2026-04-04T14:01:30.808599,What is the fee structure?,What is the fee structure and payment schedule?,0.5666
2026-04-04T14:01:30.863501,SEM 3 CS timetable,Where can I find my class timetable?,0.5161
2026-04-04T14:01:30.889885,When is the exam?,When are semester exams and how is the exam schedule announced?,0.5610
2026-04-04T14:01:30.924290,What are the college timings?,What are the college timings and working hours?,0.7113
2026-04-04T14:01:30.958115,How do I pay my fees online?,How do I contact the college office or departments?,0.3950
2026-04-04T14:01:30.987563,When are the semester exams?,When are semester exams and how is the exam schedule announced?,0.6871
2026-04-04T14:01:31.025306,How can I apply for admission?,How can I apply for admissions and what is the process?,0.3923
2026-04-04T14:01:31.059688,Are there any scholarships available?,Are scholarships available for students?,0.7981
2026-04-04T14:01:31.088199,Does the college have a hostel?,Does the college provide hostel accommodation?,0.6538
2026-04-04T14:01:31.126272,How do I contact the IT department?,How do I contact the college office or departments?,0.6449
2026-04-04T14:01:31.167270,What is the minimum attendance requirement?,What is the minimum attendance requirement?,1.0000
2026-04-04T14:01:31.210090,Where can I find my class timetable?,Where can I find my class timetable?,0.8940
2026-04-04T14:01:31.252357,What are the placement opportunities?,What are the placement opportunities and training support?,0.7315
2026-04-04T14:01:31.334891,SEM 3 CS timetable,Where can I find my class timetable?,0.5161
2026-04-04T14:01:31.364023,When is the exam?,When are semester exams and how is the exam schedule announced?,0.5610
2026-04-04T14:01:31.396395,What is the fee structure for CS?,What is the fee structure and payment schedule?,0.5666
2026-04-04T14:01:31.420174,And for semester 5?,When are semester exams and how is the exam schedule announced?,0.3967
2026-04-04T14:01:31.459417,What about exam dates?,When are semester exams and how is the exam schedule announced?,0.3476
2026-04-04T14:01:31.486097,Tell me about hostel facilities and accommodation,Does the college provide hostel accommodation?,0.5350
2026-04-04T14:01:31.508398,What about fees?,What is the fee structure and payment schedule?,0.2730
2026-04-04T14:01:41.756532,What is the tuition amount?,What is the fee structure and payment schedule?,0.2730
2026-04-04T14:01:41.781493,How to make payment for semester?,When are semester exams and how is the exam schedule announced?,0.5019
2026-04-04T14:01:41.803553,What is the cost of the course?,What is the academic holiday list?,0.3145
2026-04-04T14:01:41.831579,Tell me about charges for MBA,,0.0000
2026-04-04T14:01:41.863275,When are the dues due?,When are semester exams and how is the exam schedule announced?,0.3967
2026-04-04T14:01:41.910141,When is the next test?,When are semester exams and how is the exam schedule announced?,0.5610
2026-04-04T14:01:41.945374,Semester examination schedule,When are semester exams and how is the exam schedule announced?,0.5610
2026-04-04T14:01:41.977446,Assessment dates for CS,When are semester exams and how is the exam schedule announced?,0.3967
2026-04-04T14:01:42.002029,Paper dates for final year,When are semester exams and how is the exam schedule announced?,0.3967
2026-04-04T14:01:42.020351,Midterm dates please,When are semester exams and how is the exam schedule announced?,0.3967
2026-04-04T14:01:42.044057,How to apply for enrollment?,How can I apply for admissions and what is the process?,0.3923
2026-04-04T14:01:42.067162,Application process for engineering,How can I apply for admissions and what is the process?,0.5062
2026-04-04T14:01:42.088980,What is the entry process?,How can I apply for admissions and what is the process?,0.5777
2026-04-04T14:01:42.108620,Registration deadline for MBA,,0.0000
2026-04-04T14:01:42.127847,How to enroll in the college?,How do I contact the college office or departments?,0.5332
2026-04-04T14:01:42.153060,Is dormitory available?,Are scholarships available for students?,0.3431
2026-04-04T14:01:42.177744,Residence facility for students,Are scholarships available for students?,0.3479
2026-04-04T14:01:42.202634,Boarding house rules,Does the college provide hostel accommodation?,0.3783
2026-04-04T14:01:42.232169,Room accommodation details,Does the college provide hostel accommodation?,0.5350
2026-04-04T14:01:42.255613,PG facility at college,Does the college provide hostel accommodation?,0.5060
2026-04-04T14:01:42.287388,Is financial aid available?,Are scholarships available for students?,0.5232
2026-04-04T14:01:42.312679,Merit aid eligibility criteria,,0.0000
2026-04-04T14:01:42.337191,How to apply for grant?,How can I apply for admissions and what is the process?,0.3923
2026-04-04T14:01:42.356423,Fee waiver application process,How can I apply for admissions and what is the process?,0.5062
2026-04-04T14:01:42.380735,Fellowship details for research,,0.0000
2026-04-04T14:01:42.405277,Campus drive schedule,,0.0000
2026-04-04T14:01:42.427858,Job opportunities through college,What are the placement opportunities and training support?,0.6106
2026-04-04T14:01:42.454511,Which recruiters visit campus?,Which academic departments and programs are offered?,0.4710
2026-04-04T14:01:42.478019,Internship through placement cell,What are the placement opportunities and training support?,0.4821
2026-04-04T14:01:42.504799,Career guidance and hiring support,What are the placement opportunities and training support?,0.6098
2026-04-04T14:01:42.529494,Can I borrow books?,What are library hours and borrowing rules?,0.4965
2026-04-04T14:01:42.549814,Digital library access from home,What are library hours and borrowing rules?,0.4965
2026-04-04T14:01:42.569441,E-book and journal access,What are library hours and borrowing rules?,0.4965
2026-04-04T14:01:42.589154,Reference section in reading room,What are library hours and borrowing rules?,0.3511
2026-04-04T14:01:42.607922,Study room availability,Does the college provide hostel accommodation?,0.5350
2026-04-04T14:01:42.628167,What is the class schedule?,Where can I find my class timetable?,0.4523
2026-04-04T14:01:42.650028,Lecture timing for Monday,,0.0000
2026-04-04T14:01:42.674340,Weekly routine for CS department,Where can I find my class timetable?,0.5161
2026-04-04T14:01:42.698940,Lab slots and periods,Where can I find my class timetable?,0.5161
2026-04-04T14:01:42.718148,Time table download as PDF,,0.0000
2026-04-04T14:01:42.744109,Am I present enough to sit exam?,When are semester exams and how is the exam schedule announced?,0.2805
2026-04-04T14:01:42.766024,Minimum 75 percent rule,What is the minimum attendance requirement?,0.5503
2026-04-04T14:01:42.785957,Shortage consequence for absent,What is the minimum attendance requirement?,0.5503
2026-04-04T14:01:42.808870,Biometric roll call system,What is the minimum attendance requirement?,0.3891
2026-04-04T14:01:42.828008,Proxy attendance penalty,What is the minimum attendance requirement?,0.5503
2026-04-04T14:01:42.851983,College bus route from station,Is college bus or transport facility available?,0.5707
2026-04-04T14:01:42.871252,Shuttle service timings,What are the college timings and working hours?,0.3753
2026-04-04T14:01:42.898518,Parking facility for vehicle,Is college bus or transport facility available?,0.6510
2026-04-04T14:01:42.925301,Metro station nearest to campus,Is college bus or transport facility available?,0.4852
2026-04-04T14:01:42.948964,Commute options for students,Are scholarships available for students?,0.4261
2026-04-04T14:01:42.994377,What is the tuition amount?,What is the fee structure and payment schedule?,0.2730
2026-04-04T14:01:43.065633,How to make payment for semester?,When are semester exams and how is the exam schedule announced?,0.5019
2026-04-04T14:01:43.096491,What is the cost of the course?,What is the academic holiday list?,0.3145
2026-04-04T14:01:43.126271,Tell me about charges for MBA,,0.0000
2026-04-04T14:01:43.162143,When are the dues due?,When are semester exams and how is the exam schedule announced?,0.3967
2026-04-04T14:01:43.191220,When is the next test?,When are semester exams and how is the exam schedule announced?,0.5610
2026-04-04T14:01:43.220743,Semester examination schedule,When are semester exams and how is the exam schedule announced?,0.5610
2026-04-04T14:01:43.254056,Assessment dates for CS,When are semester exams and how is the exam schedule announced?,0.3967
2026-04-04T14:01:43.282125,Paper dates for final year,When are semester exams and how is the exam schedule announced?,0.3967
2026-04-04T14:01:43.306589,Midterm dates please,When are semester exams and how is the exam schedule announced?,0.3967
2026-04-04T14:01:43.327109,How to apply for enrollment?,How can I apply for admissions and what is the process?,0.3923
2026-04-04T14:01:43.350137,Application process for engineering,How can I apply for admissions and what is the process?,0.5062
2026-04-04T14:01:43.378158,What is the entry process?,How can I apply for admissions and what is the process?,0.5777
2026-04-04T14:01:43.399735,Registration deadline for MBA,,0.0000
2026-04-04T14:01:43.420887,How to enroll in the college?,How do I contact the college office or departments?,0.5332
2026-04-04T14:01:43.441897,Is dormitory available?,Are scholarships available for students?,0.3431
2026-04-04T14:01:43.460559,Residence facility for students,Are scholarships available for students?,0.3479
2026-04-04T14:01:43.478188,Boarding house rules,Does the college provide hostel accommodation?,0.3783
2026-04-04T14:01:43.497842,Room accommodation details,Does the college provide hostel accommodation?,0.5350
2026-04-04T14:01:43.516612,PG facility at college,Does the college provide hostel accommodation?,0.5060
2026-04-04T14:01:43.535678,Is financial aid available?,Are scholarships available for students?,0.5232
2026-04-04T14:01:43.551391,Merit aid eligibility criteria,,0.0000
2026-04-04T14:01:43.567504,How to apply for grant?,How can I apply for admissions and what is the process?,0.3923
2026-04-04T14:01:43.586451,Fee waiver application process,How can I apply for admissions and what is the process?,0.5062
2026-04-04T14:01:43.605499,Fellowship details for research,,0.0000
2026-04-04T14:01:43.623784,Campus drive schedule,,0.0000
2026-04-04T14:01:43.641258,Job opportunities through college,What are the placement opportunities and training support?,0.6106
2026-04-04T14:01:43.661547,Which recruiters visit campus?,Which academic departments and programs are offered?,0.4710
2026-04-04T14:01:43.681039,Internship through placement cell,What are the placement opportunities and training support?,0.4821
2026-04-04T14:01:43.701225,Career guidance and hiring support,What are the placement opportunities and training support?,0.6098
2026-04-04T14:01:43.717502,Can I borrow books?,What are library hours and borrowing rules?,0.4965
2026-04-04T14:01:43.734840,Digital library access from home,What are library hours and borrowing rules?,0.4965
2026-04-04T14:01:43.751336,E-book and journal access,What are library hours and borrowing rules?,0.4965
2026-04-04T14:01:43.772185,Reference section in reading room,What are library hours and borrowing rules?,0.3511
2026-04-04T14:01:43.790158,Study room availability,Does the college provide hostel accommodation?,0.5350
2026-04-04T14:01:43.809911,What is the class schedule?,Where can I find my class timetable?,0.4523
2026-04-04T14:01:43.829688,Lecture timing for Monday,,0.0000
2026-04-04T14:01:43.851325,Weekly routine for CS department,Where can I find my class timetable?,0.5161
2026-04-04T14:01:43.876199,Lab slots and periods,Where can I find my class timetable?,0.5161
2026-04-04T14:01:43.896176,Time table download as PDF,,0.0000
2026-04-04T14:01:43.927242,Am I present enough to sit exam?,When are semester exams and how is the exam schedule announced?,0.2805
2026-04-04T14:01:43.959086,Minimum 75 percent rule,What is the minimum attendance requirement?,0.5503
2026-04-04T14:01:43.985701,Shortage consequence for absent,What is the minimum attendance requirement?,0.5503
2026-04-04T14:01:44.007874,Biometric roll call system,What is the minimum attendance requirement?,0.3891
2026-04-04T14:01:44.032752,Proxy attendance penalty,What is the minimum attendance requirement?,0.5503
2026-04-04T14:01:44.061791,College bus route from station,Is college bus or transport facility available?,0.5707
2026-04-04T14:01:44.086295,Shuttle service timings,What are the college timings and working hours?,0.3753
2026-04-04T14:01:44.117925,Parking facility for vehicle,Is college bus or transport facility available?,0.6510
2026-04-04T14:01:44.142322,Metro station nearest to campus,Is college bus or transport facility available?,0.4852
2026-04-04T14:01:44.167290,Commute options for students,Are scholarships available for students?,0.4261
2026-04-04T14:02:54.065803,What are the college timings?,What are the college timings and working hours?,0.7113
2026-04-04T14:02:54.108236,Tell me about hostel facilities,Does the college provide hostel accommodation?,0.5350
2026-04-04T14:02:54.154404,What is the fee structure?,What is the fee structure and payment schedule?,0.5666
2026-04-04T14:02:54.201129,SEM 3 CS timetable,Where can I find my class timetable?,0.5161
2026-04-04T14:02:54.221220,When is the exam?,When are semester exams and how is the exam schedule announced?,0.5610
2026-04-04T14:02:54.247384,What are the college timings?,What are the college timings and working hours?,0.7113
2026-04-04T14:02:54.275678,How do I pay my fees online?,How do I contact the college office or departments?,0.3950
2026-04-04T14:02:54.306058,When are the semester exams?,When are semester exams and how is the exam schedule announced?,0.6871
2026-04-04T14:02:54.336612,How can I apply for admission?,How can I apply for admissions and what is the process?,0.3923
2026-04-04T14:02:54.374584,Are there any scholarships available?,Are scholarships available for students?,0.7981
2026-04-04T14:02:54.409559,Does the college have a hostel?,Does the college provide hostel accommodation?,0.6538
2026-04-04T14:02:54.450536,How do I contact the IT department?,How do I contact the college office or departments?,0.6449
2026-04-04T14:02:54.485773,What is the minimum attendance requirement?,What is the minimum attendance requirement?,1.0000
2026-04-04T14:02:54.522335,Where can I find my class timetable?,Where can I find my class timetable?,0.8940
2026-04-04T14:02:54.559687,What are the placement opportunities?,What are the placement opportunities and training support?,0.7315
2026-04-04T14:02:54.810220,SEM 3 CS timetable,Where can I find my class timetable?,0.5161
2026-04-04T14:02:54.837619,When is the exam?,When are semester exams and how is the exam schedule announced?,0.5610
2026-04-04T14:02:54.955268,What is the fee structure for CS?,What is the fee structure and payment schedule?,0.5666
2026-04-04T14:02:55.052562,And for semester 5?,When are semester exams and how is the exam schedule announced?,0.3967
2026-04-04T14:02:55.081671,What about exam dates?,When are semester exams and how is the exam schedule announced?,0.3476
2026-04-04T14:02:55.118505,Tell me about hostel facilities and accommodation,Does the college provide hostel accommodation?,0.5350
2026-04-04T14:02:55.154605,What about fees?,What is the fee structure and payment schedule?,0.2730
2026-04-04T14:03:05.612038,What is the tuition amount?,What is the fee structure and payment schedule?,0.2730
2026-04-04T14:03:05.631221,How to make payment for semester?,When are semester exams and how is the exam schedule announced?,0.5019
2026-04-04T14:03:05.651068,What is the cost of the course?,What is the academic holiday list?,0.3145
2026-04-04T14:03:05.668913,Tell me about charges for MBA,,0.0000
2026-04-04T14:03:05.693159,When are the dues due?,When are semester exams and how is the exam schedule announced?,0.3967
2026-04-04T14:03:05.723970,When is the next test?,When are semester exams and how is the exam schedule announced?,0.5610
2026-04-04T14:03:05.754816,Semester examination schedule,When are semester exams and how is the exam schedule announced?,0.5610
2026-04-04T14:03:05.776692,Assessment dates for CS,When are semester exams and how is the exam schedule announced?,0.3967
2026-04-04T14:03:05.800243,Paper dates for final year,When are semester exams and how is the exam schedule announced?,0.3967
2026-04-04T14:03:05.825347,Midterm dates please,When are semester exams and how is the exam schedule announced?,0.3967
2026-04-04T14:03:05.855461,How to apply for enrollment?,How can I apply for admissions and what is the process?,0.3923
2026-04-04T14:03:05.881404,Application process for engineering,How can I apply for admissions and what is the process?,0.5062
2026-04-04T14:03:05.904490,What is the entry process?,How can I apply for admissions and what is the process?,0.5777
2026-04-04T14:03:05.932556,Registration deadline for MBA,,0.0000
2026-04-04T14:03:05.963039,How to enroll in the college?,How do I contact the college office or departments?,0.5332
2026-04-04T14:03:05.988898,Is dormitory available?,Are scholarships available for students?,0.3431
2026-04-04T14:03:06.020178,Residence facility for students,Are scholarships available for students?,0.3479
2026-04-04T14:03:06.048635,Boarding house rules,Does the college provide hostel accommodation?,0.3783
2026-04-04T14:03:06.077999,Room accommodation details,Does the college provide hostel accommodation?,0.5350
2026-04-04T14:03:06.106502,PG facility at college,Does the college provide hostel accommodation?,0.5060
2026-04-04T14:03:06.141230,Is financial aid available?,Are scholarships available for students?,0.5232
2026-04-04T14:03:06.174776,Merit aid eligibility criteria,,0.0000
2026-04-04T14:03:06.201068,How to apply for grant?,How can I apply for admissions and what is the process?,0.3923
2026-04-04T14:03:06.227185,Fee waiver application process,How can I apply for admissions and what is the process?,0.5062
2026-04-04T14:03:06.252268,Fellowship details for research,,0.0000
2026-04-04T14:03:06.292860,Campus drive schedule,,0.0000
2026-04-04T14:03:06.324427,Job opportunities through college,What are the placement opportunities and training support?,0.6106
2026-04-04T14:03:06.368044,Which recruiters visit campus?,Which academic departments and programs are offered?,0.4710
2026-04-04T14:03:06.403145,Internship through placement cell,What are the placement opportunities and training support?,0.4821
2026-04-04T14:03:06.439276,Career guidance and hiring support,What are the placement opportunities and training support?,0.6098
2026-04-04T14:03:06.493138,Can I borrow books?,What are library hours and borrowing rules?,0.4965
2026-04-04T14:03:06.517487,Digital library access from home,What are library hours and borrowing rules?,0.4965
2026-04-04T14:03:06.537989,E-book and journal access,What are library hours and borrowing rules?,0.4965
2026-04-04T14:03:06.560706,Reference section in reading room,What are library hours and borrowing rules?,0.3511
2026-04-04T14:03:06.583953,Study room availability,Does the college provide hostel accommodation?,0.5350
2026-04-04T14:03:06.607328,What is the class schedule?,Where can I find my class timetable?,0.4523
2026-04-04T14:03:06.628776,Lecture timing for Monday,,0.0000
2026-04-04T14:03:06.648061,Weekly routine for CS department,Where can I find my class timetable?,0.5161
2026-04-04T14:03:06.667465,Lab slots and periods,Where can I find my class timetable?,0.5161
2026-04-04T14:03:06.687412,Time table download as PDF,,0.0000
2026-04-04T14:03:06.710181,Am I present enough to sit exam?,When are semester exams and how is the exam schedule announced?,0.2805
2026-04-04T14:03:06.732516,Minimum 75 percent rule,What is the minimum attendance requirement?,0.5503
2026-04-04T14:03:06.754184,Shortage consequence for absent,What is the minimum attendance requirement?,0.5503
2026-04-04T14:03:06.776935,Biometric roll call system,What is the minimum attendance requirement?,0.3891
2026-04-04T14:03:06.795440,Proxy attendance penalty,What is the minimum attendance requirement?,0.5503
2026-04-04T14:03:06.817674,College bus route from station,Is college bus or transport facility available?,0.5707
2026-04-04T14:03:06.839188,Shuttle service timings,What are the college timings and working hours?,0.3753
2026-04-04T14:03:06.857495,Parking facility for vehicle,Is college bus or transport facility available?,0.6510
2026-04-04T14:03:06.880326,Metro station nearest to campus,Is college bus or transport facility available?,0.4852
2026-04-04T14:03:06.900848,Commute options for students,Are scholarships available for students?,0.4261
2026-04-04T14:03:06.927533,What is the tuition amount?,What is the fee structure and payment schedule?,0.2730
2026-04-04T14:03:06.948523,How to make payment for semester?,When are semester exams and how is the exam schedule announced?,0.5019
2026-04-04T14:03:06.971723,What is the cost of the course?,What is the academic holiday list?,0.3145
2026-04-04T14:03:06.997926,Tell me about charges for MBA,,0.0000
2026-04-04T14:03:07.022680,When are the dues due?,When are semester exams and how is the exam schedule announced?,0.3967
2026-04-04T14:03:07.043879,When is the next test?,When are semester exams and how is the exam schedule announced?,0.5610
2026-04-04T14:03:07.064144,Semester examination schedule,When are semester exams and how is the exam schedule announced?,0.5610
2026-04-04T14:03:07.084031,Assessment dates for CS,When are semester exams and how is the exam schedule announced?,0.3967
2026-04-04T14:03:07.103772,Paper dates for final year,When are semester exams and how is the exam schedule announced?,0.3967
2026-04-04T14:03:07.124332,Midterm dates please,When are semester exams and how is the exam schedule announced?,0.3967
2026-04-04T14:03:07.147309,How to apply for enrollment?,How can I apply for admissions and what is the process?,0.3923
2026-04-04T14:03:07.166483,Application process for engineering,How can I apply for admissions and what is the process?,0.5062
2026-04-04T14:03:07.193970,What is the entry process?,How can I apply for admissions and what is the process?,0.5777
2026-04-04T14:03:07.212105,Registration deadline for MBA,,0.0000
2026-04-04T14:03:07.231286,How to enroll in the college?,How do I contact the college office or departments?,0.5332
2026-04-04T14:03:07.249437,Is dormitory available?,Are scholarships available for students?,0.3431
2026-04-04T14:03:07.266624,Residence facility for students,Are scholarships available for students?,0.3479
2026-04-04T14:03:07.285420,Boarding house rules,Does the college provide hostel accommodation?,0.3783
2026-04-04T14:03:07.305587,Room accommodation details,Does the college provide hostel accommodation?,0.5350
2026-04-04T14:03:07.325294,PG facility at college,Does the college provide hostel accommodation?,0.5060
2026-04-04T14:03:07.344465,Is financial aid available?,Are scholarships available for students?,0.5232
2026-04-04T14:03:07.362167,Merit aid eligibility criteria,,0.0000
2026-04-04T14:03:07.380000,How to apply for grant?,How can I apply for admissions and what is the process?,0.3923
2026-04-04T14:03:07.399703,Fee waiver application process,How can I apply for admissions and what is the process?,0.5062
2026-04-04T14:03:07.418911,Fellowship details for research,,0.0000
2026-04-04T14:03:07.437595,Campus drive schedule,,0.0000
2026-04-04T14:03:07.455750,Job opportunities through college,What are the placement opportunities and training support?,0.6106
2026-04-04T14:03:07.473505,Which recruiters visit campus?,Which academic departments and programs are offered?,0.4710
2026-04-04T14:03:07.492361,Internship through placement cell,What are the placement opportunities and training support?,0.4821
2026-04-04T14:03:07.511540,Career guidance and hiring support,What are the placement opportunities and training support?,0.6098
2026-04-04T14:03:07.531399,Can I borrow books?,What are library hours and borrowing rules?,0.4965
2026-04-04T14:03:07.563934,Digital library access from home,What are library hours and borrowing rules?,0.4965
2026-04-04T14:03:07.599551,E-book and journal access,What are library hours and borrowing rules?,0.4965
2026-04-04T14:03:07.632210,Reference section in reading room,What are library hours and borrowing rules?,0.3511
2026-04-04T14:03:07.670250,Study room availability,Does the college provide hostel accommodation?,0.5350
2026-04-04T14:03:07.700364,What is the class schedule?,Where can I find my class timetable?,0.4523
2026-04-04T14:03:07.727187,Lecture timing for Monday,,0.0000
2026-04-04T14:03:07.763533,Weekly routine for CS department,Where can I find my class timetable?,0.5161
2026-04-04T14:03:07.790700,Lab slots and periods,Where can I find my class timetable?,0.5161
2026-04-04T14:03:07.816254,Time table download as PDF,,0.0000
2026-04-04T14:03:07.842129,Am I present enough to sit exam?,When are semester exams and how is the exam schedule announced?,0.2805
2026-04-04T14:03:07.868540,Minimum 75 percent rule,What is the minimum attendance requirement?,0.5503
2026-04-04T14:03:07.956306,Shortage consequence for absent,What is the minimum attendance requirement?,0.5503
2026-04-04T14:03:07.984296,Biometric roll call system,What is the minimum attendance requirement?,0.3891
2026-04-04T14:03:08.013194,Proxy attendance penalty,What is the minimum attendance requirement?,0.5503
2026-04-04T14:03:08.041535,College bus route from station,Is college bus or transport facility available?,0.5707
2026-04-04T14:03:08.066161,Shuttle service timings,What are the college timings and working hours?,0.3753
2026-04-04T14:03:08.088932,Parking facility for vehicle,Is college bus or transport facility available?,0.6510
2026-04-04T14:03:08.107456,Metro station nearest to campus,Is college bus or transport facility available?,0.4852
2026-04-04T14:03:08.137356,Commute options for students,Are scholarships available for students?,0.4261
2026-04-04T14:04:28.304367,What are the college timings?,What are the college timings and working hours?,0.7113
2026-04-04T14:04:28.340074,Tell me about hostel facilities,Does the college provide hostel accommodation?,0.5350
2026-04-04T14:04:28.395515,What is the fee structure?,What is the fee structure and payment schedule?,0.5666
2026-04-04T14:04:28.441687,SEM 3 CS timetable,Where can I find my class timetable?,0.5161
2026-04-04T14:04:28.464915,When is the exam?,When are semester exams and how is the exam schedule announced?,0.5610
2026-04-04T14:04:28.488844,What are the college timings?,What are the college timings and working hours?,0.7113
2026-04-04T14:04:28.519546,How do I pay my fees online?,How do I contact the college office or departments?,0.3950
2026-04-04T14:04:28.542847,When are the semester exams?,When are semester exams and how is the exam schedule announced?,0.6871
2026-04-04T14:04:28.568639,How can I apply for admission?,How can I apply for admissions and what is the process?,0.3923
2026-04-04T14:04:28.589446,Are there any scholarships available?,Are scholarships available for students?,0.7981
2026-04-04T14:04:28.614818,Does the college have a hostel?,Does the college provide hostel accommodation?,0.6538
2026-04-04T14:04:28.637930,How do I contact the IT department?,How do I contact the college office or departments?,0.6449
2026-04-04T14:04:28.662938,What is the minimum attendance requirement?,What is the minimum attendance requirement?,1.0000
2026-04-04T14:04:28.683942,Where can I find my class timetable?,Where can I find my class timetable?,0.8940
2026-04-04T14:04:28.705500,What are the placement opportunities?,What are the placement opportunities and training support?,0.7315
2026-04-04T14:04:28.754668,SEM 3 CS timetable,Where can I find my class timetable?,0.5161
2026-04-04T14:04:28.773562,When is the exam?,When are semester exams and how is the exam schedule announced?,0.5610
2026-04-04T14:04:28.796406,What is the fee structure for CS?,What is the fee structure and payment schedule?,0.5666
2026-04-04T14:04:28.820221,And for semester 5?,When are semester exams and how is the exam schedule announced?,0.3967
2026-04-04T14:04:28.839120,What about exam dates?,When are semester exams and how is the exam schedule announced?,0.3476
2026-04-04T14:04:28.860805,Tell me about hostel facilities and accommodation,Does the college provide hostel accommodation?,0.5350
2026-04-04T14:04:28.878827,What about fees?,What is the fee structure and payment schedule?,0.2730
2026-04-04T14:04:37.315675,What is the tuition amount?,What is the fee structure and payment schedule?,0.2730
2026-04-04T14:04:37.341399,How to make payment for semester?,When are semester exams and how is the exam schedule announced?,0.5019
2026-04-04T14:04:37.361093,What is the cost of the course?,What is the academic holiday list?,0.3145
2026-04-04T14:04:37.380171,Tell me about charges for MBA,,0.0000
2026-04-04T14:04:37.397749,When are the dues due?,When are semester exams and how is the exam schedule announced?,0.3967
2026-04-04T14:04:37.425568,When is the next test?,When are semester exams and how is the exam schedule announced?,0.5610
2026-04-04T14:04:37.447141,Semester examination schedule,When are semester exams and how is the exam schedule announced?,0.5610
2026-04-04T14:04:37.473630,Assessment dates for CS,When are semester exams and how is the exam schedule announced?,0.3967
2026-04-04T14:04:37.497765,Paper dates for final year,When are semester exams and how is the exam schedule announced?,0.3967
2026-04-04T14:04:37.517013,Midterm dates please,When are semester exams and how is the exam schedule announced?,0.3967
2026-04-04T14:04:37.541649,How to apply for enrollment?,How can I apply for admissions and what is the process?,0.3923
2026-04-04T14:04:37.565142,Application process for engineering,How can I apply for admissions and what is the process?,0.5062
2026-04-04T14:04:37.590880,What is the entry process?,How can I apply for admissions and what is the process?,0.5777
2026-04-04T14:04:37.617117,Registration deadline for MBA,,0.0000
2026-04-04T14:04:37.647130,How to enroll in the college?,How do I contact the college office or departments?,0.5332
2026-04-04T14:04:37.682804,Is dormitory available?,Are scholarships available for students?,0.3431
2026-04-04T14:04:37.709602,Residence facility for students,Are scholarships available for students?,0.3479
2026-04-04T14:04:37.733315,Boarding house rules,Does the college provide hostel accommodation?,0.3783
2026-04-04T14:04:37.762992,Room accommodation details,Does the college provide hostel accommodation?,0.5350
2026-04-04T14:04:37.789082,PG facility at college,Does the college provide hostel accommodation?,0.5060
2026-04-04T14:04:37.812314,Is financial aid available?,Are scholarships available for students?,0.5232
2026-04-04T14:04:37.833964,Merit aid eligibility criteria,,0.0000
2026-04-04T14:04:37.857191,How to apply for grant?,How can I apply for admissions and what is the process?,0.3923
2026-04-04T14:04:37.877103,Fee waiver application process,How can I apply for admissions and what is the process?,0.5062
2026-04-04T14:04:37.900256,Fellowship details for research,,0.0000
2026-04-04T14:04:37.926704,Campus drive schedule,,0.0000
2026-04-04T14:04:37.947550,Job opportunities through college,What are the placement opportunities and training support?,0.6106
2026-04-04T14:04:37.971377,Which recruiters visit campus?,Which academic departments and programs are offered?,0.4710
2026-04-04T14:04:38.006960,Internship through placement cell,What are the placement opportunities and training support?,0.4821
2026-04-04T14:04:38.036711,Career guidance and hiring support,What are the placement opportunities and training support?,0.6098
2026-04-04T14:04:38.072859,Can I borrow books?,What are library hours and borrowing rules?,0.4965
2026-04-04T14:04:38.097454,Digital library access from home,What are library hours and borrowing rules?,0.4965
2026-04-04T14:04:38.123806,E-book and journal access,What are library hours and borrowing rules?,0.4965
2026-04-04T14:04:38.149268,Reference section in reading room,What are library hours and borrowing rules?,0.3511
2026-04-04T14:04:38.171341,Study room availability,Does the college provide hostel accommodation?,0.5350
2026-04-04T14:04:38.199362,What is the class schedule?,Where can I find my class timetable?,0.4523
2026-04-04T14:04:38.223443,Lecture timing for Monday,,0.0000
2026-04-04T14:04:38.240820,Weekly routine for CS department,Where can I find my class timetable?,0.5161
2026-04-04T14:04:38.261975,Lab slots and periods,Where can I find my class timetable?,0.5161
2026-04-04T14:04:38.280773,Time table download as PDF,,0.0000
2026-04-04T14:04:38.303497,Am I present enough to sit exam?,When are semester exams and how is the exam schedule announced?,0.2805
2026-04-04T14:04:38.323441,Minimum 75 percent rule,What is the minimum attendance requirement?,0.5503
2026-04-04T14:04:38.348171,Shortage consequence for absent,What is the minimum attendance requirement?,0.5503
2026-04-04T14:04:38.369374,Biometric roll call system,What is the minimum attendance requirement?,0.3891
2026-04-04T14:04:38.391006,Proxy attendance penalty,What is the minimum attendance requirement?,0.5503
2026-04-04T14:04:38.416596,College bus route from station,Is college bus or transport facility available?,0.5707
2026-04-04T14:04:38.439022,Shuttle service timings,What are the college timings and working hours?,0.3753
2026-04-04T14:04:38.459383,Parking facility for vehicle,Is college bus or transport facility available?,0.6510
2026-04-04T14:04:38.481382,Metro station nearest to campus,Is college bus or transport facility available?,0.4852
2026-04-04T14:04:38.500145,Commute options for students,Are scholarships available for students?,0.4261
2026-04-04T14:04:38.524193,What is the tuition amount?,What is the fee structure and payment schedule?,0.2730
2026-04-04T14:04:38.542355,How to make payment for semester?,When are semester exams and how is the exam schedule announced?,0.5019
2026-04-04T14:04:38.564079,What is the cost of the course?,What is the academic holiday list?,0.3145
2026-04-04T14:04:38.583809,Tell me about charges for MBA,,0.0000
2026-04-04T14:04:38.602706,When are the dues due?,When are semester exams and how is the exam schedule announced?,0.3967
2026-04-04T14:04:38.623028,When is the next test?,When are semester exams and how is the exam schedule announced?,0.5610
2026-04-04T14:04:38.647202,Semester examination schedule,When are semester exams and how is the exam schedule announced?,0.5610
2026-04-04T14:04:38.671892,Assessment dates for CS,When are semester exams and how is the exam schedule announced?,0.3967
2026-04-04T14:04:38.697700,Paper dates for final year,When are semester exams and how is the exam schedule announced?,0.3967
2026-04-04T14:04:38.719365,Midterm dates please,When are semester exams and how is the exam schedule announced?,0.3967
2026-04-04T14:04:38.741500,How to apply for enrollment?,How can I apply for admissions and what is the process?,0.3923
2026-04-04T14:04:38.759244,Application process for engineering,How can I apply for admissions and what is the process?,0.5062
2026-04-04T14:04:38.779667,What is the entry process?,How can I apply for admissions and what is the process?,0.5777
2026-04-04T14:04:38.802031,Registration deadline for MBA,,0.0000
2026-04-04T14:04:38.826544,How to enroll in the college?,How do I contact the college office or departments?,0.5332
2026-04-04T14:04:38.846252,Is dormitory available?,Are scholarships available for students?,0.3431
2026-04-04T14:04:38.866819,Residence facility for students,Are scholarships available for students?,0.3479
2026-04-04T14:04:38.884896,Boarding house rules,Does the college provide hostel accommodation?,0.3783
2026-04-04T14:04:38.904229,Room accommodation details,Does the college provide hostel accommodation?,0.5350
2026-04-04T14:04:38.927969,PG facility at college,Does the college provide hostel accommodation?,0.5060
2026-04-04T14:04:38.951374,Is financial aid available?,Are scholarships available for students?,0.5232
2026-04-04T14:04:38.978843,Merit aid eligibility criteria,,0.0000
2026-04-04T14:04:39.007800,How to apply for grant?,How can I apply for admissions and what is the process?,0.3923
2026-04-04T14:04:39.033948,Fee waiver application process,How can I apply for admissions and what is the process?,0.5062
2026-04-04T14:04:39.055583,Fellowship details for research,,0.0000
2026-04-04T14:04:39.082419,Campus drive schedule,,0.0000
2026-04-04T14:04:39.103797,Job opportunities through college,What are the placement opportunities and training support?,0.6106
2026-04-04T14:04:39.122878,Which recruiters visit campus?,Which academic departments and programs are offered?,0.4710
2026-04-04T14:04:39.143090,Internship through placement cell,What are the placement opportunities and training support?,0.4821
2026-04-04T14:04:39.160823,Career guidance and hiring support,What are the placement opportunities and training support?,0.6098
2026-04-04T14:04:39.179340,Can I borrow books?,What are library hours and borrowing rules?,0.4965
2026-04-04T14:04:39.197723,Digital library access from home,What are library hours and borrowing rules?,0.4965
2026-04-04T14:04:39.216633,E-book and journal access,What are library hours and borrowing rules?,0.4965
2026-04-04T14:04:39.234258,Reference section in reading room,What are library hours and borrowing rules?,0.3511
2026-04-04T14:04:39.251144,Study room availability,Does the college provide hostel accommodation?,0.5350
2026-04-04T14:04:39.270104,What is the class schedule?,Where can I find my class timetable?,0.4523
2026-04-04T14:04:39.289788,Lecture timing for Monday,,0.0000
2026-04-04T14:04:39.309082,Weekly routine for CS department,Where can I find my class timetable?,0.5161
2026-04-04T14:04:39.328073,Lab slots and periods,Where can I find my class timetable?,0.5161
2026-04-04T14:04:39.348347,Time table download as PDF,,0.0000
2026-04-04T14:04:39.365000,Am I present enough to sit exam?,When are semester exams and how is the exam schedule announced?,0.2805
2026-04-04T14:04:39.380587,Minimum 75 percent rule,What is the minimum attendance requirement?,0.5503
2026-04-04T14:04:39.396839,Shortage consequence for absent,What is the minimum attendance requirement?,0.5503
2026-04-04T14:04:39.412538,Biometric roll call system,What is the minimum attendance requirement?,0.3891
2026-04-04T14:04:39.429587,Proxy attendance penalty,What is the minimum attendance requirement?,0.5503
2026-04-04T14:04:39.448618,College bus route from station,Is college bus or transport facility available?,0.5707
2026-04-04T14:04:39.465932,Shuttle service timings,What are the college timings and working hours?,0.3753
2026-04-04T14:04:39.483794,Parking facility for vehicle,Is college bus or transport facility available?,0.6510
2026-04-04T14:04:39.502499,Metro station nearest to campus,Is college bus or transport facility available?,0.4852
2026-04-04T14:04:39.518698,Commute options for students,Are scholarships available for students?,0.4261
2026-04-04T14:10:09.868229,what is my college name?,What are the college timings and working hours?,0.4735
2026-04-04T14:10:26.595375,how to do admission?,How can I apply for admissions and what is the process?,0.3923
2026-04-04T14:10:39.142206,what is my college name/,How can I apply for admissions and what is the process?,0.4919
2026-04-04T14:12:08.203197,What are the college timings?,What are the college timings and working hours?,0.7113
2026-04-04T14:12:08.251834,Tell me about hostel facilities,Does the college provide hostel accommodation?,0.5350
2026-04-04T14:12:08.288775,What is the fee structure?,What is the fee structure and payment schedule?,0.5666
2026-04-04T14:12:08.329456,SEM 3 CS timetable,Where can I find my class timetable?,0.5161
2026-04-04T14:12:08.348650,When is the exam?,When are semester exams and how is the exam schedule announced?,0.5610
2026-04-04T14:12:08.372583,What are the college timings?,What are the college timings and working hours?,0.7113
2026-04-04T14:12:08.394848,How do I pay my fees online?,How do I contact the college office or departments?,0.3950
2026-04-04T14:12:08.417834,When are the semester exams?,When are semester exams and how is the exam schedule announced?,0.6871
2026-04-04T14:12:08.445286,How can I apply for admission?,How can I apply for admissions and what is the process?,0.3923
2026-04-04T14:12:08.471048,Are there any scholarships available?,Are scholarships available for students?,0.7981
2026-04-04T14:12:08.496605,Does the college have a hostel?,Does the college provide hostel accommodation?,0.6538
2026-04-04T14:12:08.528887,How do I contact the IT department?,How do I contact the college office or departments?,0.6449
2026-04-04T14:12:08.569578,What is the minimum attendance requirement?,What is the minimum attendance requirement?,1.0000
2026-04-04T14:12:08.603816,Where can I find my class timetable?,Where can I find my class timetable?,0.8940
2026-04-04T14:12:08.644543,What are the placement opportunities?,What are the placement opportunities and training support?,0.7315
2026-04-04T14:12:08.728705,SEM 3 CS timetable,Where can I find my class timetable?,0.5161
2026-04-04T14:12:08.763748,When is the exam?,When are semester exams and how is the exam schedule announced?,0.5610
2026-04-04T14:12:08.798816,What is the fee structure for CS?,What is the fee structure and payment schedule?,0.5666
2026-04-04T14:12:08.834539,And for semester 5?,When are semester exams and how is the exam schedule announced?,0.3967
2026-04-04T14:12:08.858047,What about exam dates?,When are semester exams and how is the exam schedule announced?,0.3476
2026-04-04T14:12:08.887226,Tell me about hostel facilities and accommodation,Does the college provide hostel accommodation?,0.5350
2026-04-04T14:12:08.912118,What about fees?,What is the fee structure and payment schedule?,0.2730
2026-04-04T14:12:17.160941,What is the tuition amount?,What is the fee structure and payment schedule?,0.2730
2026-04-04T14:12:17.184709,How to make payment for semester?,When are semester exams and how is the exam schedule announced?,0.5019
2026-04-04T14:12:17.207788,What is the cost of the course?,What is the academic holiday list?,0.3145
2026-04-04T14:12:17.229631,Tell me about charges for MBA,,0.0000
2026-04-04T14:12:17.255474,When are the dues due?,When are semester exams and how is the exam schedule announced?,0.3967
2026-04-04T14:12:17.283982,When is the next test?,When are semester exams and how is the exam schedule announced?,0.5610
2026-04-04T14:12:17.304651,Semester examination schedule,When are semester exams and how is the exam schedule announced?,0.5610
2026-04-04T14:12:17.330046,Assessment dates for CS,When are semester exams and how is the exam schedule announced?,0.3967
2026-04-04T14:12:17.352720,Paper dates for final year,When are semester exams and how is the exam schedule announced?,0.3967
2026-04-04T14:12:17.375116,Midterm dates please,When are semester exams and how is the exam schedule announced?,0.3967
2026-04-04T14:12:17.400782,How to apply for enrollment?,How can I apply for admissions and what is the process?,0.3923
2026-04-04T14:12:17.427036,Application process for engineering,How can I apply for admissions and what is the process?,0.5062
2026-04-04T14:12:17.448042,What is the entry process?,How can I apply for admissions and what is the process?,0.5777
2026-04-04T14:12:17.471029,Registration deadline for MBA,,0.0000
2026-04-04T14:12:17.490396,How to enroll in the college?,How do I contact the college office or departments?,0.5332
2026-04-04T14:12:17.516832,Is dormitory available?,Are scholarships available for students?,0.3431
2026-04-04T14:12:17.540479,Residence facility for students,Are scholarships available for students?,0.3479
2026-04-04T14:12:17.563892,Boarding house rules,Does the college provide hostel accommodation?,0.3783
2026-04-04T14:12:17.584565,Room accommodation details,Does the college provide hostel accommodation?,0.5350
2026-04-04T14:12:17.606006,PG facility at college,Does the college provide hostel accommodation?,0.5060
2026-04-04T14:12:17.631646,Is financial aid available?,Are scholarships available for students?,0.5232
2026-04-04T14:12:17.651599,Merit aid eligibility criteria,,0.0000
2026-04-04T14:12:17.668703,How to apply for grant?,How can I apply for admissions and what is the process?,0.3923
2026-04-04T14:12:17.692390,Fee waiver application process,How can I apply for admissions and what is the process?,0.5062
2026-04-04T14:12:17.721711,Fellowship details for research,,0.0000
2026-04-04T14:12:17.755346,Campus drive schedule,,0.0000
2026-04-04T14:12:17.778007,Job opportunities through college,What are the placement opportunities and training support?,0.6106
2026-04-04T14:12:17.803892,Which recruiters visit campus?,Which academic departments and programs are offered?,0.4710
2026-04-04T14:12:17.831061,Internship through placement cell,What are the placement opportunities and training support?,0.4821
2026-04-04T14:12:17.862123,Career guidance and hiring support,What are the placement opportunities and training support?,0.6468
2026-04-04T14:12:17.893690,Can I borrow books?,What are library hours and borrowing rules?,0.4965
2026-04-04T14:12:17.925159,Digital library access from home,What are library hours and borrowing rules?,0.4965
2026-04-04T14:12:17.953654,E-book and journal access,What are library hours and borrowing rules?,0.4965
2026-04-04T14:12:17.978147,Reference section in reading room,What are library hours and borrowing rules?,0.3511
2026-04-04T14:12:18.008557,Study room availability,Does the college provide hostel accommodation?,0.5350
2026-04-04T14:12:18.037250,What is the class schedule?,Where can I find my class timetable?,0.4523
2026-04-04T14:12:18.060768,Lecture timing for Monday,,0.0000
2026-04-04T14:12:18.083537,Weekly routine for CS department,Where can I find my class timetable?,0.5161
2026-04-04T14:12:18.106898,Lab slots and periods,Where can I find my class timetable?,0.5161
2026-04-04T14:12:18.130532,Time table download as PDF,,0.0000
2026-04-04T14:12:18.158704,Am I present enough to sit exam?,When are semester exams and how is the exam schedule announced?,0.2805
2026-04-04T14:12:18.181153,Minimum 75 percent rule,What is the minimum attendance requirement?,0.5503
2026-04-04T14:12:18.206652,Shortage consequence for absent,What is the minimum attendance requirement?,0.5503
2026-04-04T14:12:18.226653,Biometric roll call system,What is the minimum attendance requirement?,0.3891
2026-04-04T14:12:18.245524,Proxy attendance penalty,What is the minimum attendance requirement?,0.5503
2026-04-04T14:12:18.268836,College bus route from station,Is college bus or transport facility available?,0.5707
2026-04-04T14:12:18.290539,Shuttle service timings,What are the college timings and working hours?,0.3753
2026-04-04T14:12:18.310651,Parking facility for vehicle,Is college bus or transport facility available?,0.6510
2026-04-04T14:12:18.334042,Metro station nearest to campus,Is college bus or transport facility available?,0.4852
2026-04-04T14:12:18.353789,Commute options for students,Are scholarships available for students?,0.4261
2026-04-04T14:12:18.376400,What is the tuition amount?,What is the fee structure and payment schedule?,0.2730
2026-04-04T14:12:18.397868,How to make payment for semester?,When are semester exams and how is the exam schedule announced?,0.5019
2026-04-04T14:12:18.418416,What is the cost of the course?,What is the academic holiday list?,0.3145
2026-04-04T14:12:18.442053,Tell me about charges for MBA,,0.0000
2026-04-04T14:12:18.465898,When are the dues due?,When are semester exams and how is the exam schedule announced?,0.3967
2026-04-04T14:12:18.489656,When is the next test?,When are semester exams and how is the exam schedule announced?,0.5610
2026-04-04T14:12:18.510494,Semester examination schedule,When are semester exams and how is the exam schedule announced?,0.5610
2026-04-04T14:12:18.528156,Assessment dates for CS,When are semester exams and how is the exam schedule announced?,0.3967
2026-04-04T14:12:18.550434,Paper dates for final year,When are semester exams and how is the exam schedule announced?,0.3967
2026-04-04T14:12:18.590290,Midterm dates please,When are semester exams and how is the exam schedule announced?,0.3967
2026-04-04T14:12:18.640444,How to apply for enrollment?,How can I apply for admissions and what is the process?,0.3923
2026-04-04T14:12:18.674164,Application process for engineering,How can I apply for admissions and what is the process?,0.5062
2026-04-04T14:12:18.708609,What is the entry process?,How can I apply for admissions and what is the process?,0.5777
2026-04-04T14:12:18.732970,Registration deadline for MBA,,0.0000
2026-04-04T14:12:18.755967,How to enroll in the college?,How do I contact the college office or departments?,0.5332
2026-04-04T14:12:18.778709,Is dormitory available?,Are scholarships available for students?,0.3431
2026-04-04T14:12:18.799549,Residence facility for students,Are scholarships available for students?,0.3479
2026-04-04T14:12:18.822338,Boarding house rules,Does the college provide hostel accommodation?,0.3783
2026-04-04T14:12:18.845539,Room accommodation details,Does the college provide hostel accommodation?,0.5350
2026-04-04T14:12:18.863079,PG facility at college,Does the college provide hostel accommodation?,0.5060
2026-04-04T14:12:18.880977,Is financial aid available?,Are scholarships available for students?,0.5232
2026-04-04T14:12:18.900925,Merit aid eligibility criteria,,0.0000
2026-04-04T14:12:18.920607,How to apply for grant?,How can I apply for admissions and what is the process?,0.3923
2026-04-04T14:12:18.940526,Fee waiver application process,How can I apply for admissions and what is the process?,0.5062
2026-04-04T14:12:18.961262,Fellowship details for research,,0.0000
2026-04-04T14:12:18.980468,Campus drive schedule,,0.0000
2026-04-04T14:12:18.997993,Job opportunities through college,What are the placement opportunities and training support?,0.6106
2026-04-04T14:12:19.018764,Which recruiters visit campus?,Which academic departments and programs are offered?,0.4710
2026-04-04T14:12:19.037744,Internship through placement cell,What are the placement opportunities and training support?,0.4821
2026-04-04T14:12:19.059707,Career guidance and hiring support,What are the placement opportunities and training support?,0.6468
2026-04-04T14:12:19.087066,Can I borrow books?,What are library hours and borrowing rules?,0.4965
2026-04-04T14:12:19.110860,Digital library access from home,What are library hours and borrowing rules?,0.4965
2026-04-04T14:12:19.139619,E-book and journal access,What are library hours and borrowing rules?,0.4965
2026-04-04T14:12:19.161809,Reference section in reading room,What are library hours and borrowing rules?,0.3511
2026-04-04T14:12:19.184276,Study room availability,Does the college provide hostel accommodation?,0.5350
2026-04-04T14:12:19.217579,What is the class schedule?,Where can I find my class timetable?,0.4523
2026-04-04T14:12:19.247371,Lecture timing for Monday,,0.0000
2026-04-04T14:12:19.272932,Weekly routine for CS department,Where can I find my class timetable?,0.5161
2026-04-04T14:12:19.309659,Lab slots and periods,Where can I find my class timetable?,0.5161
2026-04-04T14:12:19.342273,Time table download as PDF,,0.0000
2026-04-04T14:12:19.373353,Am I present enough to sit exam?,When are semester exams and how is the exam schedule announced?,0.2805
2026-04-04T14:12:19.402477,Minimum 75 percent rule,What is the minimum attendance requirement?,0.5503
2026-04-04T14:12:19.423128,Shortage consequence for absent,What is the minimum attendance requirement?,0.5503
2026-04-04T14:12:19.444564,Biometric roll call system,What is the minimum attendance requirement?,0.3891
2026-04-04T14:12:19.472700,Proxy attendance penalty,What is the minimum attendance requirement?,0.5503
2026-04-04T14:12:19.498908,College bus route from station,Is college bus or transport facility available?,0.5707
2026-04-04T14:12:19.518193,Shuttle service timings,What are the college timings and working hours?,0.3753
2026-04-04T14:12:19.544147,Parking facility for vehicle,Is college bus or transport facility available?,0.6510
2026-04-04T14:12:19.563266,Metro station nearest to campus,Is college bus or transport facility available?,0.4852
2026-04-04T14:12:19.580450,Commute options for students,Are scholarships available for students?,0.4261
2026-04-04T14:12:47.643911,what is my college name?,What are the college timings and working hours?,0.4735
2026-04-04T14:14:01.078734,what is my college name?,What are the college timings and working hours?,0.4735
2026-04-04T14:14:51.852151,what is my college name?,,0.3145
2026-04-04T14:15:13.744062,What are the college timings?,What are the college timings and working hours?,0.6528
2026-04-04T14:15:13.785044,Tell me about hostel facilities,Does the college provide hostel accommodation?,0.5774
2026-04-04T14:15:13.839317,What is the fee structure?,What is the fee structure and payment schedule?,0.5666
2026-04-04T14:15:13.899118,SEM 3 CS timetable,Where can I find my class timetable?,0.5161
2026-04-04T14:15:13.931528,When is the exam?,When are semester exams and how is the exam schedule announced?,0.5610
2026-04-04T14:15:13.970518,What are the college timings?,What are the college timings and working hours?,0.6528
2026-04-04T14:15:13.997078,How do I pay my fees online?,How do I contact the college office or departments?,0.4231
2026-04-04T14:15:14.021704,When are the semester exams?,When are semester exams and how is the exam schedule announced?,0.6871
2026-04-04T14:15:14.051571,How can I apply for admission?,How can I apply for admissions and what is the process?,0.3923
2026-04-04T14:15:14.073699,Are there any scholarships available?,Are scholarships available for students?,0.7981
2026-04-04T14:15:14.102994,Does the college have a hostel?,Does the college provide hostel accommodation?,0.5774
2026-04-04T14:15:14.131551,How do I contact the IT department?,How do I contact the college office or departments?,0.6907
2026-04-04T14:15:14.161379,What is the minimum attendance requirement?,What is the minimum attendance requirement?,1.0000
2026-04-04T14:15:14.192850,Where can I find my class timetable?,Where can I find my class timetable?,0.8940
2026-04-04T14:15:14.224307,What are the placement opportunities?,What are the placement opportunities and training support?,0.7315
2026-04-04T14:15:14.336322,SEM 3 CS timetable,Where can I find my class timetable?,0.5161
2026-04-04T14:15:14.356605,When is the exam?,When are semester exams and how is the exam schedule announced?,0.5610
2026-04-04T14:15:14.386699,What is the fee structure for CS?,What is the fee structure and payment schedule?,0.5666
2026-04-04T14:15:14.410265,And for semester 5?,When are semester exams and how is the exam schedule announced?,0.3967
2026-04-04T14:15:14.431197,What about exam dates?,,0.3476
2026-04-04T14:15:14.454569,Tell me about hostel facilities and accommodation,Does the college provide hostel accommodation?,0.5774
2026-04-04T14:15:14.475487,What about fees?,,0.3145
2026-04-04T14:15:22.691973,What is the tuition amount?,,0.3145
2026-04-04T14:15:22.715844,How to make payment for semester?,When are semester exams and how is the exam schedule announced?,0.5019
2026-04-04T14:15:22.736457,What is the cost of the course?,,0.3145
2026-04-04T14:15:22.761470,Tell me about charges for MBA,,0.0000
2026-04-04T14:15:22.785529,When are the dues due?,When are semester exams and how is the exam schedule announced?,0.3967
2026-04-04T14:15:23.986140,When is the next test?,When are semester exams and how is the exam schedule announced?,0.5610
2026-04-04T14:15:23.999612,Semester examination schedule,When are semester exams and how is the exam schedule announced?,0.5610
2026-04-04T14:15:24.017749,Assessment dates for CS,When are semester exams and how is the exam schedule announced?,0.3967
2026-04-04T14:15:24.033927,Paper dates for final year,When are semester exams and how is the exam schedule announced?,0.3967
2026-04-04T14:15:24.050053,Midterm dates please,When are semester exams and how is the exam schedule announced?,0.3967
2026-04-04T14:15:24.066708,How to apply for enrollment?,How can I apply for admissions and what is the process?,0.3923
2026-04-04T14:15:24.082894,Application process for engineering,How can I apply for admissions and what is the process?,0.5062
2026-04-04T14:15:24.097564,What is the entry process?,How can I apply for admissions and what is the process?,0.5777
2026-04-04T14:15:24.114298,Registration deadline for MBA,,0.0000
2026-04-04T14:15:24.131742,How to enroll in the college?,How do I contact the college office or departments?,0.4231
2026-04-04T14:15:24.152679,Is dormitory available?,Does the college provide hostel accommodation?,0.4359
2026-04-04T14:15:24.172555,Residence facility for students,,0.3479
2026-04-04T14:15:24.191532,Boarding house rules,Does the college provide hostel accommodation?,0.4082
2026-04-04T14:15:24.210863,Room accommodation details,Does the college provide hostel accommodation?,0.5774
2026-04-04T14:15:24.228587,PG facility at college,Does the college provide hostel accommodation?,0.4082
2026-04-04T14:15:24.253441,Is financial aid available?,Are scholarships available for students?,0.5232
2026-04-04T14:15:24.274234,Merit aid eligibility criteria,,0.0000
2026-04-04T14:15:24.294983,How to apply for grant?,How can I apply for admissions and what is the process?,0.3923
2026-04-04T14:15:24.323336,Fee waiver application process,How can I apply for admissions and what is the process?,0.5062
2026-04-04T14:15:24.345418,Fellowship details for research,,0.0000
2026-04-04T14:15:24.368883,Campus drive schedule,,0.0000
2026-04-04T14:15:24.390657,Job opportunities through college,What are the placement opportunities and training support?,0.6818
2026-04-04T14:15:24.412816,Which recruiters visit campus?,Which academic departments and programs are offered?,0.4710
2026-04-04T14:15:24.429508,Internship through placement cell,What are the placement opportunities and training support?,0.4821
2026-04-04T14:15:24.446613,Career guidance and hiring support,What are the placement opportunities and training support?,0.6468
2026-04-04T14:15:24.464302,Can I borrow books?,What are library hours and borrowing rules?,0.4965
2026-04-04T14:15:24.480704,Digital library access from home,What are library hours and borrowing rules?,0.4965
2026-04-04T14:15:24.493816,E-book and journal access,What are library hours and borrowing rules?,0.4965
2026-04-04T14:15:24.509944,Reference section in reading room,What are library hours and borrowing rules?,0.3511
2026-04-04T14:15:24.529294,Study room availability,Does the college provide hostel accommodation?,0.5774
2026-04-04T14:15:24.571530,What is the class schedule?,Where can I find my class timetable?,0.4523
2026-04-04T14:15:24.604729,Lecture timing for Monday,,0.0000
2026-04-04T14:15:24.633349,Weekly routine for CS department,Where can I find my class timetable?,0.5161
2026-04-04T14:15:24.658564,Lab slots and periods,Where can I find my class timetable?,0.5161
2026-04-04T14:15:24.684652,Time table download as PDF,,0.0000
2026-04-04T14:15:24.710079,Am I present enough to sit exam?,What is the minimum attendance requirement?,0.3891
2026-04-04T14:15:24.732135,Minimum 75 percent rule,What is the minimum attendance requirement?,0.5503
2026-04-04T14:15:24.750663,Shortage consequence for absent,What is the minimum attendance requirement?,0.5503
2026-04-04T14:15:24.768754,Biometric roll call system,What is the minimum attendance requirement?,0.3891
2026-04-04T14:15:24.789149,Proxy attendance penalty,What is the minimum attendance requirement?,0.5503
2026-04-04T14:15:24.812903,College bus route from station,Is college bus or transport facility available?,0.5161
2026-04-04T14:15:24.835347,Shuttle service timings,What are the college timings and working hours?,0.4045
2026-04-04T14:15:24.858096,Parking facility for vehicle,Is college bus or transport facility available?,0.6925
2026-04-04T14:15:24.878049,Metro station nearest to campus,Is college bus or transport facility available?,0.5161
2026-04-04T14:15:24.894714,Commute options for students,Are scholarships available for students?,0.4261
2026-04-04T14:15:24.914560,What is the tuition amount?,,0.3145
2026-04-04T14:15:24.933000,How to make payment for semester?,When are semester exams and how is the exam schedule announced?,0.5019
2026-04-04T14:15:24.952256,What is the cost of the course?,,0.3145
2026-04-04T14:15:24.970598,Tell me about charges for MBA,,0.0000
2026-04-04T14:15:24.988125,When are the dues due?,When are semester exams and how is the exam schedule announced?,0.3967
2026-04-04T14:15:25.014452,When is the next test?,When are semester exams and how is the exam schedule announced?,0.5610
2026-04-04T14:15:25.032647,Semester examination schedule,When are semester exams and how is the exam schedule announced?,0.5610
2026-04-04T14:15:25.049123,Assessment dates for CS,When are semester exams and how is the exam schedule announced?,0.3967
2026-04-04T14:15:25.063725,Paper dates for final year,When are semester exams and how is the exam schedule announced?,0.3967
2026-04-04T14:15:25.080339,Midterm dates please,When are semester exams and how is the exam schedule announced?,0.3967
2026-04-04T14:15:25.097641,How to apply for enrollment?,How can I apply for admissions and what is the process?,0.3923
2026-04-04T14:15:25.113955,Application process for engineering,How can I apply for admissions and what is the process?,0.5062
2026-04-04T14:15:25.129854,What is the entry process?,How can I apply for admissions and what is the process?,0.5777
2026-04-04T14:15:25.145589,Registration deadline for MBA,,0.0000
2026-04-04T14:15:25.163970,How to enroll in the college?,How do I contact the college office or departments?,0.4231
2026-04-04T14:15:25.184143,Is dormitory available?,Does the college provide hostel accommodation?,0.4359
2026-04-04T14:15:25.201716,Residence facility for students,,0.3479
2026-04-04T14:15:25.221767,Boarding house rules,Does the college provide hostel accommodation?,0.4082
2026-04-04T14:15:25.241933,Room accommodation details,Does the college provide hostel accommodation?,0.5774
2026-04-04T14:15:25.259357,PG facility at college,Does the college provide hostel accommodation?,0.4082
2026-04-04T14:15:25.277810,Is financial aid available?,Are scholarships available for students?,0.5232
2026-04-04T14:15:25.295307,Merit aid eligibility criteria,,0.0000
2026-04-04T14:15:25.312912,How to apply for grant?,How can I apply for admissions and what is the process?,0.3923
2026-04-04T14:15:25.331599,Fee waiver application process,How can I apply for admissions and what is the process?,0.5062
2026-04-04T14:15:25.347417,Fellowship details for research,,0.0000
2026-04-04T14:15:25.364231,Campus drive schedule,,0.0000
2026-04-04T14:15:25.381898,Job opportunities through college,What are the placement opportunities and training support?,0.6818
2026-04-04T14:15:25.398690,Which recruiters visit campus?,Which academic departments and programs are offered?,0.4710
2026-04-04T14:15:25.414852,Internship through placement cell,What are the placement opportunities and training support?,0.4821
2026-04-04T14:15:25.431907,Career guidance and hiring support,What are the placement opportunities and training support?,0.6468
2026-04-04T14:15:25.448372,Can I borrow books?,What are library hours and borrowing rules?,0.4965
2026-04-04T14:15:25.463524,Digital library access from home,What are library hours and borrowing rules?,0.4965
2026-04-04T14:15:25.480396,E-book and journal access,What are library hours and borrowing rules?,0.4965
2026-04-04T14:15:25.497323,Reference section in reading room,What are library hours and borrowing rules?,0.3511
2026-04-04T14:15:25.514180,Study room availability,Does the college provide hostel accommodation?,0.5774
2026-04-04T14:15:25.534060,What is the class schedule?,Where can I find my class timetable?,0.4523
2026-04-04T14:15:25.553399,Lecture timing for Monday,,0.0000
2026-04-04T14:15:25.571340,Weekly routine for CS department,Where can I find my class timetable?,0.5161
2026-04-04T14:15:25.588931,Lab slots and periods,Where can I find my class timetable?,0.5161
2026-04-04T14:15:25.605510,Time table download as PDF,,0.0000
2026-04-04T14:15:25.623636,Am I present enough to sit exam?,What is the minimum attendance requirement?,0.3891
2026-04-04T14:15:25.642060,Minimum 75 percent rule,What is the minimum attendance requirement?,0.5503
2026-04-04T14:15:25.661802,Shortage consequence for absent,What is the minimum attendance requirement?,0.5503
2026-04-04T14:15:25.681634,Biometric roll call system,What is the minimum attendance requirement?,0.3891
2026-04-04T14:15:25.703184,Proxy attendance penalty,What is the minimum attendance requirement?,0.5503
2026-04-04T14:15:25.725763,College bus route from station,Is college bus or transport facility available?,0.5161
2026-04-04T14:15:25.750491,Shuttle service timings,What are the college timings and working hours?,0.4045
2026-04-04T14:15:25.771907,Parking facility for vehicle,Is college bus or transport facility available?,0.6925
2026-04-04T14:15:25.790674,Metro station nearest to campus,Is college bus or transport facility available?,0.5161
2026-04-04T14:15:25.809272,Commute options for students,Are scholarships available for students?,0.4261
2026-04-04T14:15:59.323780,What is the tuition amount?,,0.3145
2026-04-04T14:15:59.343695,How to make payment for semester?,When are semester exams and how is the exam schedule announced?,0.5019
2026-04-04T14:15:59.364151,What is the cost of the course?,,0.3145
2026-04-04T14:15:59.389025,Tell me about charges for MBA,,0.0000
2026-04-04T14:15:59.410208,When are the dues due?,When are semester exams and how is the exam schedule announced?,0.3967
2026-04-04T14:16:00.446806,When is the next test?,When are semester exams and how is the exam schedule announced?,0.5610
2026-04-04T14:16:00.465851,Semester examination schedule,When are semester exams and how is the exam schedule announced?,0.5610
2026-04-04T14:16:00.485057,Assessment dates for CS,When are semester exams and how is the exam schedule announced?,0.3967
2026-04-04T14:16:00.503055,Paper dates for final year,When are semester exams and how is the exam schedule announced?,0.3967
2026-04-04T14:16:00.520894,Midterm dates please,When are semester exams and how is the exam schedule announced?,0.3967
2026-04-04T14:16:00.544844,How to apply for enrollment?,How can I apply for admissions and what is the process?,0.3923
2026-04-04T14:16:00.564130,Application process for engineering,How can I apply for admissions and what is the process?,0.5062
2026-04-04T14:16:00.587528,What is the entry process?,How can I apply for admissions and what is the process?,0.5777
2026-04-04T14:16:00.613005,Registration deadline for MBA,,0.0000
2026-04-04T14:16:00.643801,How to enroll in the college?,How do I contact the college office or departments?,0.4231
2026-04-04T14:16:00.678498,Is dormitory available?,Does the college provide hostel accommodation?,0.4359
2026-04-04T14:16:00.709706,Residence facility for students,,0.3479
2026-04-04T14:16:00.744456,Boarding house rules,Does the college provide hostel accommodation?,0.4082
2026-04-04T14:16:00.776612,Room accommodation details,Does the college provide hostel accommodation?,0.5774
2026-04-04T14:16:00.814084,PG facility at college,Does the college provide hostel accommodation?,0.4082
2026-04-04T14:16:00.854998,Is financial aid available?,Are scholarships available for students?,0.5232
2026-04-04T14:16:00.883960,Merit aid eligibility criteria,,0.0000
2026-04-04T14:16:00.915907,How to apply for grant?,How can I apply for admissions and what is the process?,0.3923
2026-04-04T14:16:00.946022,Fee waiver application process,How can I apply for admissions and what is the process?,0.5062
2026-04-04T14:16:00.976873,Fellowship details for research,,0.0000
2026-04-04T14:16:01.015077,Campus drive schedule,,0.0000
2026-04-04T14:16:01.056440,Job opportunities through college,What are the placement opportunities and training support?,0.6818
2026-04-04T14:16:01.087619,Which recruiters visit campus?,Which academic departments and programs are offered?,0.4710
2026-04-04T14:16:01.113868,Internship through placement cell,What are the placement opportunities and training support?,0.4821
2026-04-04T14:16:01.139915,Career guidance and hiring support,What are the placement opportunities and training support?,0.6468
2026-04-04T14:16:01.166821,Can I borrow books?,What are library hours and borrowing rules?,0.4965
2026-04-04T14:16:01.190265,Digital library access from home,What are library hours and borrowing rules?,0.4965
2026-04-04T14:16:01.207341,E-book and journal access,What are library hours and borrowing rules?,0.4965
2026-04-04T14:16:01.231221,Reference section in reading room,What are library hours and borrowing rules?,0.3511
2026-04-04T14:16:01.251091,Study room availability,Does the college provide hostel accommodation?,0.5774
2026-04-04T14:16:01.272080,What is the class schedule?,Where can I find my class timetable?,0.4523
2026-04-04T14:16:01.288972,Lecture timing for Monday,,0.0000
2026-04-04T14:16:01.306832,Weekly routine for CS department,Where can I find my class timetable?,0.5161
2026-04-04T14:16:01.322632,Lab slots and periods,Where can I find my class timetable?,0.5161
2026-04-04T14:16:01.338336,Time table download as PDF,,0.0000
2026-04-04T14:16:01.363243,Am I present enough to sit exam?,What is the minimum attendance requirement?,0.3891
2026-04-04T14:16:01.379557,Minimum 75 percent rule,What is the minimum attendance requirement?,0.5503
2026-04-04T14:16:01.400848,Shortage consequence for absent,What is the minimum attendance requirement?,0.5503
2026-04-04T14:16:01.417037,Biometric roll call system,What is the minimum attendance requirement?,0.3891
2026-04-04T14:16:01.442334,Proxy attendance penalty,What is the minimum attendance requirement?,0.5503
2026-04-04T14:16:01.467653,College bus route from station,Is college bus or transport facility available?,0.5161
2026-04-04T14:16:01.487780,Shuttle service timings,What are the college timings and working hours?,0.4045
2026-04-04T14:16:01.511980,Parking facility for vehicle,Is college bus or transport facility available?,0.6925
2026-04-04T14:16:01.529314,Metro station nearest to campus,Is college bus or transport facility available?,0.5161
2026-04-04T14:16:01.547100,Commute options for students,Are scholarships available for students?,0.4261
2026-04-04T14:16:01.565544,What is the tuition amount?,,0.3145
2026-04-04T14:16:01.586648,How to make payment for semester?,When are semester exams and how is the exam schedule announced?,0.5019
2026-04-04T14:16:01.606825,What is the cost of the course?,,0.3145
2026-04-04T14:16:01.628074,Tell me about charges for MBA,,0.0000
2026-04-04T14:16:01.648492,When are the dues due?,When are semester exams and how is the exam schedule announced?,0.3967
2026-04-04T14:16:01.670628,When is the next test?,When are semester exams and how is the exam schedule announced?,0.5610
2026-04-04T14:16:01.692116,Semester examination schedule,When are semester exams and how is the exam schedule announced?,0.5610
2026-04-04T14:16:01.736377,Assessment dates for CS,When are semester exams and how is the exam schedule announced?,0.3967
2026-04-04T14:16:01.786185,Paper dates for final year,When are semester exams and how is the exam schedule announced?,0.3967
2026-04-04T14:16:01.828348,Midterm dates please,When are semester exams and how is the exam schedule announced?,0.3967
2026-04-04T14:16:01.850730,How to apply for enrollment?,How can I apply for admissions and what is the process?,0.3923
2026-04-04T14:16:01.887104,Application process for engineering,How can I apply for admissions and what is the process?,0.5062
2026-04-04T14:16:01.908676,What is the entry process?,How can I apply for admissions and what is the process?,0.5777
2026-04-04T14:16:01.929855,Registration deadline for MBA,,0.0000
2026-04-04T14:16:01.948666,How to enroll in the college?,How do I contact the college office or departments?,0.4231
2026-04-04T14:16:01.969015,Is dormitory available?,Does the college provide hostel accommodation?,0.4359
2026-04-04T14:16:01.990652,Residence facility for students,,0.3479
2026-04-04T14:16:02.018499,Boarding house rules,Does the college provide hostel accommodation?,0.4082
2026-04-04T14:16:02.037404,Room accommodation details,Does the college provide hostel accommodation?,0.5774
2026-04-04T14:16:02.062502,PG facility at college,Does the college provide hostel accommodation?,0.4082
2026-04-04T14:16:02.088995,Is financial aid available?,Are scholarships available for students?,0.5232
2026-04-04T14:16:02.108306,Merit aid eligibility criteria,,0.0000
2026-04-04T14:16:02.131217,How to apply for grant?,How can I apply for admissions and what is the process?,0.3923
2026-04-04T14:16:02.148661,Fee waiver application process,How can I apply for admissions and what is the process?,0.5062
2026-04-04T14:16:02.166019,Fellowship details for research,,0.0000
2026-04-04T14:16:02.185767,Campus drive schedule,,0.0000
2026-04-04T14:16:02.205316,Job opportunities through college,What are the placement opportunities and training support?,0.6818
2026-04-04T14:16:02.226705,Which recruiters visit campus?,Which academic departments and programs are offered?,0.4710
2026-04-04T14:16:02.247767,Internship through placement cell,What are the placement opportunities and training support?,0.4821
2026-04-04T14:16:02.275715,Career guidance and hiring support,What are the placement opportunities and training support?,0.6468
2026-04-04T14:16:02.296166,Can I borrow books?,What are library hours and borrowing rules?,0.4965
2026-04-04T14:16:02.314059,Digital library access from home,What are library hours and borrowing rules?,0.4965
2026-04-04T14:16:02.334914,E-book and journal access,What are library hours and borrowing rules?,0.4965
2026-04-04T14:16:02.355583,Reference section in reading room,What are library hours and borrowing rules?,0.3511
2026-04-04T14:16:02.372112,Study room availability,Does the college provide hostel accommodation?,0.5774
2026-04-04T14:16:02.387623,What is the class schedule?,Where can I find my class timetable?,0.4523
2026-04-04T14:16:02.403454,Lecture timing for Monday,,0.0000
2026-04-04T14:16:02.418067,Weekly routine for CS department,Where can I find my class timetable?,0.5161
2026-04-04T14:16:02.433088,Lab slots and periods,Where can I find my class timetable?,0.5161
2026-04-04T14:16:02.448789,Time table download as PDF,,0.0000
2026-04-04T14:16:02.463718,Am I present enough to sit exam?,What is the minimum attendance requirement?,0.3891
2026-04-04T14:16:02.479309,Minimum 75 percent rule,What is the minimum attendance requirement?,0.5503
2026-04-04T14:16:02.495929,Shortage consequence for absent,What is the minimum attendance requirement?,0.5503
2026-04-04T14:16:02.513043,Biometric roll call system,What is the minimum attendance requirement?,0.3891
2026-04-04T14:16:02.531480,Proxy attendance penalty,What is the minimum attendance requirement?,0.5503
2026-04-04T14:16:02.549626,College bus route from station,Is college bus or transport facility available?,0.5161
2026-04-04T14:16:02.564487,Shuttle service timings,What are the college timings and working hours?,0.4045
2026-04-04T14:16:02.581784,Parking facility for vehicle,Is college bus or transport facility available?,0.6925
2026-04-04T14:16:02.595978,Metro station nearest to campus,Is college bus or transport facility available?,0.5161
2026-04-04T14:16:02.611115,Commute options for students,Are scholarships available for students?,0.4261
2026-04-04T14:16:41.583965,What are the college timings?,What are the college timings and working hours?,0.6528
2026-04-04T14:16:41.625305,Tell me about hostel facilities,Does the college provide hostel accommodation?,0.5774
2026-04-04T14:16:41.664234,What is the fee structure?,What is the fee structure and payment schedule?,0.5666
2026-04-04T14:16:41.708258,SEM 3 CS timetable,Where can I find my class timetable?,0.5161
2026-04-04T14:16:41.737705,When is the exam?,When are semester exams and how is the exam schedule announced?,0.5610
2026-04-04T14:16:41.767095,What are the college timings?,What are the college timings and working hours?,0.6528
2026-04-04T14:16:41.805395,How do I pay my fees online?,How do I contact the college office or departments?,0.4231
2026-04-04T14:16:41.833649,When are the semester exams?,When are semester exams and how is the exam schedule announced?,0.6871
2026-04-04T14:16:41.858603,How can I apply for admission?,How can I apply for admissions and what is the process?,0.3923
2026-04-04T14:16:41.888255,Are there any scholarships available?,Are scholarships available for students?,0.7981
2026-04-04T14:16:41.913545,Does the college have a hostel?,Does the college provide hostel accommodation?,0.5774
2026-04-04T14:16:41.939112,How do I contact the IT department?,How do I contact the college office or departments?,0.6907
2026-04-04T14:16:41.968964,What is the minimum attendance requirement?,What is the minimum attendance requirement?,1.0000
2026-04-04T14:16:41.997293,Where can I find my class timetable?,Where can I find my class timetable?,0.8940
2026-04-04T14:16:42.022172,What are the placement opportunities?,What are the placement opportunities and training support?,0.7315
2026-04-04T14:16:42.129561,SEM 3 CS timetable,Where can I find my class timetable?,0.5161
2026-04-04T14:16:42.148956,When is the exam?,When are semester exams and how is the exam schedule announced?,0.5610
2026-04-04T14:16:42.175176,What is the fee structure for CS?,What is the fee structure and payment schedule?,0.5666
2026-04-04T14:16:42.194663,And for semester 5?,When are semester exams and how is the exam schedule announced?,0.3967
2026-04-04T14:16:42.215672,What about exam dates?,When are semester exams and how is the exam schedule announced?,0.3476
2026-04-04T14:16:42.242109,Tell me about hostel facilities and accommodation,Does the college provide hostel accommodation?,0.5774
2026-04-04T14:16:42.263294,What about fees?,What are the college timings and working hours?,0.3145
2026-04-04T14:16:50.861951,What is the tuition amount?,What are the college timings and working hours?,0.3145
2026-04-04T14:16:50.890936,How to make payment for semester?,When are semester exams and how is the exam schedule announced?,0.5019
2026-04-04T14:16:50.920628,What is the cost of the course?,What are the college timings and working hours?,0.3145
2026-04-04T14:16:50.944645,Tell me about charges for MBA,,0.0000
2026-04-04T14:16:50.976669,When are the dues due?,When are semester exams and how is the exam schedule announced?,0.3967
2026-04-04T14:16:51.009454,When is the next test?,When are semester exams and how is the exam schedule announced?,0.5610
2026-04-04T14:16:51.034603,Semester examination schedule,When are semester exams and how is the exam schedule announced?,0.5610
2026-04-04T14:16:51.056465,Assessment dates for CS,When are semester exams and how is the exam schedule announced?,0.3967
2026-04-04T14:16:51.080607,Paper dates for final year,When are semester exams and how is the exam schedule announced?,0.3967
2026-04-04T14:16:51.105449,Midterm dates please,When are semester exams and how is the exam schedule announced?,0.3967
2026-04-04T14:16:51.133929,How to apply for enrollment?,How can I apply for admissions and what is the process?,0.3923
2026-04-04T14:16:51.157522,Application process for engineering,How can I apply for admissions and what is the process?,0.5062
2026-04-04T14:16:51.178720,What is the entry process?,How can I apply for admissions and what is the process?,0.5777
2026-04-04T14:16:51.198880,Registration deadline for MBA,,0.0000
2026-04-04T14:16:51.219012,How to enroll in the college?,How do I contact the college office or departments?,0.4231
2026-04-04T14:16:51.243132,Is dormitory available?,Are scholarships available for students?,0.3431
2026-04-04T14:16:51.262373,Residence facility for students,Are scholarships available for students?,0.3479
2026-04-04T14:16:51.282625,Boarding house rules,Does the college provide hostel accommodation?,0.4082
2026-04-04T14:16:51.306774,Room accommodation details,Does the college provide hostel accommodation?,0.5774
2026-04-04T14:16:51.330442,PG facility at college,Does the college provide hostel accommodation?,0.4082
2026-04-04T14:16:51.351294,Is financial aid available?,Are scholarships available for students?,0.5232
2026-04-04T14:16:51.370983,Merit aid eligibility criteria,,0.0000
2026-04-04T14:16:51.388281,How to apply for grant?,How can I apply for admissions and what is the process?,0.3923
2026-04-04T14:16:51.406384,Fee waiver application process,How can I apply for admissions and what is the process?,0.5062
2026-04-04T14:16:51.422995,Fellowship details for research,,0.0000
2026-04-04T14:16:51.443768,Campus drive schedule,,0.0000
2026-04-04T14:16:51.462749,Job opportunities through college,What are the placement opportunities and training support?,0.6818
2026-04-04T14:16:51.482650,Which recruiters visit campus?,Which academic departments and programs are offered?,0.4710
2026-04-04T14:16:51.503862,Internship through placement cell,What are the placement opportunities and training support?,0.4821
2026-04-04T14:16:51.523973,Career guidance and hiring support,What are the placement opportunities and training support?,0.6468
2026-04-04T14:16:51.552804,Can I borrow books?,What are library hours and borrowing rules?,0.4965
2026-04-04T14:16:51.571645,Digital library access from home,What are library hours and borrowing rules?,0.4965
2026-04-04T14:16:51.592277,E-book and journal access,What are library hours and borrowing rules?,0.4965
2026-04-04T14:16:51.611210,Reference section in reading room,What are library hours and borrowing rules?,0.3511
2026-04-04T14:16:51.630472,Study room availability,Does the college provide hostel accommodation?,0.5774
2026-04-04T14:16:51.656069,What is the class schedule?,Where can I find my class timetable?,0.4523
2026-04-04T14:16:51.673442,Lecture timing for Monday,,0.0000
2026-04-04T14:16:51.695978,Weekly routine for CS department,Where can I find my class timetable?,0.5161
2026-04-04T14:16:51.717358,Lab slots and periods,Where can I find my class timetable?,0.5161
2026-04-04T14:16:51.740158,Time table download as PDF,,0.0000
2026-04-04T14:16:51.770333,Am I present enough to sit exam?,What is the minimum attendance requirement?,0.3891
2026-04-04T14:16:51.795219,Minimum 75 percent rule,What is the minimum attendance requirement?,0.5503
2026-04-04T14:16:51.815691,Shortage consequence for absent,What is the minimum attendance requirement?,0.5503
2026-04-04T14:16:51.838485,Biometric roll call system,What is the minimum attendance requirement?,0.3891
2026-04-04T14:16:51.860049,Proxy attendance penalty,What is the minimum attendance requirement?,0.5503
2026-04-04T14:16:51.881262,College bus route from station,Is college bus or transport facility available?,0.5161
2026-04-04T14:16:51.905582,Shuttle service timings,What are the college timings and working hours?,0.4045
2026-04-04T14:16:51.922968,Parking facility for vehicle,Is college bus or transport facility available?,0.6925
2026-04-04T14:16:51.942627,Metro station nearest to campus,Is college bus or transport facility available?,0.5161
2026-04-04T14:16:51.962656,Commute options for students,Are scholarships available for students?,0.4261
2026-04-04T14:16:51.984097,What is the tuition amount?,What are the college timings and working hours?,0.3145
2026-04-04T14:16:52.005660,How to make payment for semester?,When are semester exams and how is the exam schedule announced?,0.5019
2026-04-04T14:16:52.025337,What is the cost of the course?,What are the college timings and working hours?,0.3145
2026-04-04T14:16:52.045640,Tell me about charges for MBA,,0.0000
2026-04-04T14:16:52.069225,When are the dues due?,When are semester exams and how is the exam schedule announced?,0.3967
2026-04-04T14:16:52.091291,When is the next test?,When are semester exams and how is the exam schedule announced?,0.5610
2026-04-04T14:16:52.112024,Semester examination schedule,When are semester exams and how is the exam schedule announced?,0.5610
2026-04-04T14:16:52.135343,Assessment dates for CS,When are semester exams and how is the exam schedule announced?,0.3967
2026-04-04T14:16:52.159401,Paper dates for final year,When are semester exams and how is the exam schedule announced?,0.3967
2026-04-04T14:16:52.182198,Midterm dates please,When are semester exams and how is the exam schedule announced?,0.3967
2026-04-04T14:16:52.207209,How to apply for enrollment?,How can I apply for admissions and what is the process?,0.3923
2026-04-04T14:16:52.230858,Application process for engineering,How can I apply for admissions and what is the process?,0.5062
2026-04-04T14:16:52.259436,What is the entry process?,How can I apply for admissions and what is the process?,0.5777
2026-04-04T14:16:52.282003,Registration deadline for MBA,,0.0000
2026-04-04T14:16:52.311393,How to enroll in the college?,How do I contact the college office or departments?,0.4231
2026-04-04T14:16:52.340278,Is dormitory available?,Are scholarships available for students?,0.3431
2026-04-04T14:16:52.360051,Residence facility for students,Are scholarships available for students?,0.3479
2026-04-04T14:16:52.378447,Boarding house rules,Does the college provide hostel accommodation?,0.4082
2026-04-04T14:16:52.396810,Room accommodation details,Does the college provide hostel accommodation?,0.5774
2026-04-04T14:16:52.413542,PG facility at college,Does the college provide hostel accommodation?,0.4082
2026-04-04T14:16:52.433867,Is financial aid available?,Are scholarships available for students?,0.5232
2026-04-04T14:16:52.451846,Merit aid eligibility criteria,,0.0000
2026-04-04T14:16:52.469273,How to apply for grant?,How can I apply for admissions and what is the process?,0.3923
2026-04-04T14:16:52.486545,Fee waiver application process,How can I apply for admissions and what is the process?,0.5062
2026-04-04T14:16:52.504203,Fellowship details for research,,0.0000
2026-04-04T14:16:52.523635,Campus drive schedule,,0.0000
2026-04-04T14:16:52.542252,Job opportunities through college,What are the placement opportunities and training support?,0.6818
2026-04-04T14:16:52.560209,Which recruiters visit campus?,Which academic departments and programs are offered?,0.4710
2026-04-04T14:16:52.577623,Internship through placement cell,What are the placement opportunities and training support?,0.4821
2026-04-04T14:16:52.595912,Career guidance and hiring support,What are the placement opportunities and training support?,0.6468
2026-04-04T14:16:52.616724,Can I borrow books?,What are library hours and borrowing rules?,0.4965
2026-04-04T14:16:52.635348,Digital library access from home,What are library hours and borrowing rules?,0.4965
2026-04-04T14:16:52.652095,E-book and journal access,What are library hours and borrowing rules?,0.4965
2026-04-04T14:16:52.668705,Reference section in reading room,What are library hours and borrowing rules?,0.3511
2026-04-04T14:16:52.686749,Study room availability,Does the college provide hostel accommodation?,0.5774
2026-04-04T14:16:52.707883,What is the class schedule?,Where can I find my class timetable?,0.4523
2026-04-04T14:16:52.727137,Lecture timing for Monday,,0.0000
2026-04-04T14:16:52.745894,Weekly routine for CS department,Where can I find my class timetable?,0.5161
2026-04-04T14:16:52.764414,Lab slots and periods,Where can I find my class timetable?,0.5161
2026-04-04T14:16:52.782686,Time table download as PDF,,0.0000
2026-04-04T14:16:52.800411,Am I present enough to sit exam?,What is the minimum attendance requirement?,0.3891
2026-04-04T14:16:52.823525,Minimum 75 percent rule,What is the minimum attendance requirement?,0.5503
2026-04-04T14:16:52.844071,Shortage consequence for absent,What is the minimum attendance requirement?,0.5503
2026-04-04T14:16:52.863577,Biometric roll call system,What is the minimum attendance requirement?,0.3891
2026-04-04T14:16:52.882362,Proxy attendance penalty,What is the minimum attendance requirement?,0.5503
2026-04-04T14:16:52.902454,College bus route from station,Is college bus or transport facility available?,0.5161
2026-04-04T14:16:52.920226,Shuttle service timings,What are the college timings and working hours?,0.4045
2026-04-04T14:16:52.941858,Parking facility for vehicle,Is college bus or transport facility available?,0.6925
2026-04-04T14:16:52.964404,Metro station nearest to campus,Is college bus or transport facility available?,0.5161
2026-04-04T14:16:52.987136,Commute options for students,Are scholarships available for students?,0.4261
